<beans xmlns="http://www.springframework.org/schema/beans"
	xmlns:xsi="http://www.w3.org/2001/XMLSchema-instance"
	 xmlns:context="http://www.springframework.org/schema/context"
	xmlns:mvc="http://www.springframework.org/schema/mvc" 
	xsi:schemaLocation="http://www.springframework.org/schema/beans http://www.springframework.org/schema/beans/spring-beans.xsd
		http://www.springframework.org/schema/context http://www.springframework.org/schema/context/spring-context.xsd
		http://www.springframework.org/schema/mvc http://www.springframework.org/schema/mvc/spring-mvc.xsd">	

    <mvc:annotation-driven validator="validator" conversion-service="conversionService" />
    <context:component-scan base-package="com.hoperun" >
    	<context:include-filter type="annotation" expression="org.springframework.stereotype.Controller"/>
    </context:component-scan>       
	<bean class="org.springframework.web.servlet.mvc.annotation.AnnotationMethodHandlerAdapter"/> 
	<bean class="org.springframework.web.servlet.view.InternalResourceViewResolver">
			<property name="prefix">
				<value>/WEB-INF/views/</value>
			</property>
			<property name="suffix">
				<value>.jsp</value>
			</property>
		</bean>	
  <!--  <mvc:view-controller path="/" view-name="index"/> -->
    <!-- <mvc:interceptors> 	    
		<mvc:interceptor>
	        <mvc:mapping path="/**"/>
	        <bean class="com.hoperun.ubi.webportal.interceptor.CookieInterceptor"></bean>
	    </mvc:interceptor>

	    <mvc:interceptor>
	        <mvc:mapping path="/**"/>
	        <bean class="com.hoperun.ubi.webportal.interceptor.AccessStatisticsInterceptor"></bean>
	    </mvc:interceptor>
	</mvc:interceptors> -->
	
<!--      <bean id="messageSource"
		class="org.springframework.context.support.ReloadableResourceBundleMessageSource">
		<property name="basename" value="/WEB-INF/i18n/messages" />
		<property name="cacheSeconds" value="0" />
	</bean> -->
	 <bean id="messageSource" class="org.springframework.context.support.ResourceBundleMessageSource">
        <property name="basenames">
            <list>
                <value>messages</value>
            </list>
        </property>
    </bean>
	
  	<bean class="org.springframework.web.multipart.commons.CommonsMultipartResolver" id="multipartResolver"/>
	<mvc:interceptors>
		<bean class="org.springframework.web.servlet.theme.ThemeChangeInterceptor"/>
		<bean id="localeChangeInterceptor"
			class="org.springframework.web.servlet.i18n.LocaleChangeInterceptor">
			<property name="paramName" value="locale" />
		</bean>
	</mvc:interceptors>
 	<bean id="localeResolver" class="org.springframework.web.servlet.i18n.CookieLocaleResolver" />
 	 <!-- 验证器 -->
    <bean id="validator" class="org.springframework.validation.beanvalidation.LocalValidatorFactoryBean">
        <property name="validationMessageSource" ref="messageSource"/>
    </bean>
    
    <!-- 自定义数据类型转换器 -->
    <bean id="conversionService" class="org.springframework.format.support.FormattingConversionServiceFactoryBean">
        <property name="converters">
            <list>
                <bean class="com.hoperun.springmvc.web.converter.IntConverter" />
                <bean class="com.hoperun.springmvc.web.converter.DateConverter" />
            </list>
        </property>
    </bean>
</beans>