<?xml version="1.0" encoding="UTF-8" standalone="no"?>
<persistence xmlns="http://java.sun.com/xml/ns/persistence"
	xmlns:xsi="http://www.w3.org/2001/XMLSchema-instance" version="2.0"
	xsi:schemaLocation="http://java.sun.com/xml/ns/persistence http://java.sun.com/xml/ns/persistence/persistence_2_0.xsd">
	<persistence-unit name="persistenceUnit"
		transaction-type="RESOURCE_LOCAL">
		<provider>org.hibernate.ejb.HibernatePersistence</provider>
		<class>com.hoperun.c4d.bean.po.OsmHighWayMaxSpeed</class> 
		<exclude-unlisted-classes>true</exclude-unlisted-classes>
		<properties>
			<property name="hibernate.dialect" value="org.hibernate.dialect.MySQL5Dialect" />
			<property name="hibernate.hbm2ddl.auto" value="none" />
			<property name="hibernate.ejb.naming_strategy" value="org.hibernate.cfg.ImprovedNamingStrategy" />
			<property name="hibernate.connection.charSet" value="UTF-8" />
			<property name="hibernate.show_sql" value="true" />
		</properties>
	</persistence-unit>
</persistence>
