<beans xmlns="http://www.springframework.org/schema/beans"
	xmlns:xsi="http://www.w3.org/2001/XMLSchema-instance"
	 xmlns:context="http://www.springframework.org/schema/context"
	 xmlns:tx="http://www.springframework.org/schema/tx"
	xsi:schemaLocation="http://www.springframework.org/schema/beans http://www.springframework.org/schema/beans/spring-beans.xsd
		http://www.springframework.org/schema/context http://www.springframework.org/schema/context/spring-context.xsd
		http://www.springframework.org/schema/tx http://www.springframework.org/schema/tx/spring-tx.xsd">

     <bean id="mongoDataSource"
		class="com.hoperun.c4d.mongodb.MongoDataSource" destroy-method="shutdown" init-method="init">
		<property name="connectionsPerHost"><value>${mongo.pool.connectionsPerHost}</value></property>
		<property name="blockAmount"><value>${mongo.pool.blockAmount}</value> </property>
		<property name="maxWaitTime" ><value>${mongo.pool.maxWaitTime}</value></property>
		<property name="autoReconnect"><value>${mongo.pool.autoReconnect}</value></property>
	    <property name="connectTimeout"><value>${mongo.pool.connectTimeout}</value></property>
	    <property name="host"><value>${mongo.client.host}</value></property>
	    <property name="port" ><value>${mongo.client.port}</value></property>
	    <property name="userName"><value>${mongo.client.userName}</value></property>  
	    <property name="database"><value>${mongo.client.database}</value></property>
        <property name="passwd"><value>${mongo.client.passwd}</value></property>
        
	</bean>
</beans>
