<beans xmlns="http://www.springframework.org/schema/beans"
	xmlns:xsi="http://www.w3.org/2001/XMLSchema-instance"
	 xmlns:context="http://www.springframework.org/schema/context"
	 xmlns:tx="http://www.springframework.org/schema/tx"
	xsi:schemaLocation="http://www.springframework.org/schema/beans http://www.springframework.org/schema/beans/spring-beans.xsd
		http://www.springframework.org/schema/context http://www.springframework.org/schema/context/spring-context.xsd
		http://www.springframework.org/schema/tx http://www.springframework.org/schema/tx/spring-tx.xsd">

	<import resource="spring-config.xml" />

     <bean id="mqttClient" class="com.hoperun.c4d.mqtt.pool.ComboPooledMqttClient">
		<property name="host"><value>${storm.mqtt.server}</value></property>
		<property name="userName"><value>${storm.mqtt.userName}</value></property>
		<property name="password"><value>${storm.mqtt.passwd}</value></property>
		<property name="clientId"><value>${storm.mqtt.clientId}</value></property>
		
		<property name="connectionTimeout"><value  type="java.lang.Integer">${storm.mqtt.connection.timeout.seconds}</value></property>
		<property name="keepAliveInterval" ><value type="java.lang.Integer">${storm.mqtt.connection.keepAliveInterval.seconds}</value></property>
		<property name="cleanSession"><value  type="java.lang.Boolean">${storm.mqtt.session.clean}</value></property>
		<property name="useMemoryPersistence" ><value type="java.lang.Boolean">${storm.mqtt.data.Persistence.useMemory}</value></property>
		<property name="dataDir"><value>${storm.mqtt.data.Persistence.dir}</value></property>
		<property name="maxTotal"><value  type="java.lang.Integer">${storm.mqtt.pool.maxTotal}</value></property>
		<property name="maxIdle"><value  type="java.lang.Integer">${storm.mqtt.pool.maxIdle}</value></property>
		<property name="minIdle" ><value type="java.lang.Integer">${storm.mqtt.pool.minIdle}</value></property>
	</bean>
</beans>
